Zip,Winner
 7766AM,Defendant
 2201TJ,Complainer
 2586AX,Defendant
 5301BM,Complainer
 6824CN,Complainer
 1093DC,Complainer
 2641VX,Complainer
 2641VX,Complainer
 2641VX,Complainer
 8931GE,Complainer
 2312VG,Defendant
 1961GB,Defendant
 9714CC,Complainer
 1056TD,Defendant
 2512JJ,Defendant
 3081BX,Complainer
 2512VS,Defendant
 7766AM,Defendant
 1404DL,Defendant
 6229XP,Defendant
 3112AP,Complainer
 6222WD,Complainer
 3553SP,Complainer
 1068RP,Defendant
 7557DJ,Complainer
 7535AX,Defendant
 1171PC,Defendant
 9321XE,Complainer
 6512AJ,Complainer
 5041CL,Defendant
 5044BT,Defendant
 3082KG,Defendant
 2525VK,Defendant
 1102NA,Defendant
 4817DD,Defendant
 3314LH,Defendant
 2331EZ,Defendant
 1057TK,Complainer
 1074BS,Defendant
 8924CT,Complainer
 1056KJ,Complainer
 6828DT,Defendant
 1063HR,Complainer
 1031BD,Complainer
 3514VT,Complainer
 1078JR,Complainer
 1025PK,Complainer
 3073EM,Complainer
 1025RE,Complainer
 7311EW,Defendant
 1078HL,Complainer
 1521MG,Defendant
 2042JJ,Defendant
 6828DT,Defendant
 9402EB,Complainer
 1312HL,Defendant
 1097SM,Defendant
 1078KG,Complainer
 1058TS,Complainer
 3072VR,Complainer
 8032GE,Complainer
 3117VR,Complainer
 1013NA,Complainer
 6291BC,Complainer
 1072NT,Complainer
 2565SC,Complainer
 5623AK,Defendant
 1783JA,Defendant
 1057EM,Complainer
 5508AW,Defendant
 8924CT,Complainer
 1015KN,Complainer
 8924CT,Complainer
 6017AG,Complainer
 1075NS,Complainer
 6531HX,Complainer
 6531HX,Complainer
 1075NS,Complainer
 6531HX,Defendant
 6531HX,Complainer
 4611CH,Complainer
 3513EP,Complainer
 6531HX,Complainer
 6531HX,Complainer
 6531HX,Complainer
 1075NS,Complainer
 1075NS,Defendant
 1078PC,Complainer
 1032CW,Defendant
 2032SE,Defendant
 6531HX,Complainer
 3526TM,Complainer
 1079TD,Defendant
 7522NM,Defendant
 9722GB,Complainer
 1106EN,Complainer
 n.v.t ,Complainer
 6531HX,Complainer
 6531HX,Complainer
 6531HX,Complainer
 6531HX,Complainer
 6531HX,Complainer
 6531HX,Complainer
 7316GG,Defendant
 2316RV,Defendant
 1015GH,Complainer
 6703GE,Defendant
 3081RR,Defendant
 3083LC,Defendant
 9722GB,Complainer
 1181KZ,Complainer
 1181KZ,Defendant
 1065KK,Complainer
 2517EX,Defendant
 2517AB,Defendant
 3072NX,Complainer
 8225AE,Complainer
 1544RK,Defendant
 3013AS,Complainer
 3051GC,Complainer
 1391DR,Complainer
 1054ZN,Defendant
 1073JD,Defendant
 2314TL,Defendant
 6531HX,Defendant
 1033HX,Defendant
 6531HX,Defendant
 6531HX,Defendant
 6531HX,Complainer
 1078JV,Defendant
 2316SX,Complainer
 2941SB,Defendant
 2352BD,Complainer
 2807MV,Defendant
 3119GA,Defendant
 3531GD,Defendant
 3083XP,Defendant
 3083XP,Defendant
 2593TD,Defendant
 9722EG,Defendant
 9722EG,Defendant
 9722EG,Defendant
 3086TA,Complainer
 9722EG,Defendant
 3437VJ,Defendant
 3079NC,Complainer
 2593TD,Defendant
 3531CC,Complainer
 3038AN,Complainer
 3039HB,Defendant
 3531CC,Complainer
 1033KG,Complainer
 1944HE,Complainer
 3991NP,Complainer
 3871GK,Defendant
 1353HK,Complainer
 1079KB,Complainer
 9781AP,Defendant
 9724CA,Complainer
 1018CN,Defendant
 3078XG,Complainer
 3034ZD,Defendant
 3526SK,Defendant
 1019TW,Complainer
 6831MP,Defendant
 6715GL,Defendant
 1051KX,Complainer
 8913HA,Complainer
 2316NH,Defendant
 5341KK,Defendant
 3074EN,Complainer
 3362ET,Defendant
 1508XD,Complainer
 3526SK,Complainer
 4007HA,Defendant
 6813EA,Complainer
 2525XN,Defendant
 1061ET,Complainer
 5341KK,Defendant
 2571CK,Defendant
 2571CK,Defendant
 5615SV,Complainer
 5021BD,Complainer
 9642CD,Defendant
 5615SV,Complainer
 1098GS,Complainer
 6811DH,Complainer
 1062AC,Complainer
 1062AC,Complainer
 6811EL,Defendant
 2332BP,Complainer
 6132EP,Defendant
 1062AC,Complainer
 1096DV,Complainer
 1096DV,Complainer
 8913HA,Complainer
 8913HA,Complainer
 8913HA,Complainer
 1096DV,Complainer
 8913HA,Complainer
 1096DV,Complainer
 1064GX,Complainer
 1064GX,Complainer
 1096DV,Complainer
 1064GX,Complainer
 9712KA,Complainer
 1062AC,Complainer
 1064GX,Complainer
 1064GX,Complainer
 1064GX,Complainer
 1064GX,Complainer
 2514LC,Defendant
 1096DV,Complainer
 2316NK,Defendant
 2316NK,Defendant
 8913HA,Complainer
 8913HA,Complainer
 8913HA,Complainer
 8913HA,Complainer
 8913HA,Complainer
 8913HA,Complainer
 2316NH,Defendant
 1096DV,Complainer
 1096DV,Complainer
 1064GX,Defendant
 1064GX,Complainer
 5691CA,Defendant
 1064GX,Complainer
 3051TG,Defendant
 1064GX,Complainer
 1064GX,Complainer
 3062KK,Complainer
 1018GW,Complainer
 1096DV,Complainer
 1096DV,Complainer
 3068JD,Defendant
 2807MV,Defendant
 1064GX,Complainer
 1064GX,Complainer
 1064GX,Complainer
 1064GX,Complainer
 2316NH,Defendant
 1096DV,Complainer
 1064GX,Complainer
 1064GX,Complainer
 3027CA,Complainer
 2907KC,Defendant
 3082JC,Complainer
 3079EK,Defendant
 2435NN,Complainer
 2316NK,Defendant
 2316NH,Defendant
 2316NK,Defendant
 1057CT,Complainer
 2316NK,Defendant
 2563CD,Complainer
 1096DV,Complainer
 8913HA,Complainer
 8913HA,Complainer
 2316NK,Defendant
 3701EC,Complainer
 3434KK,Defendant
 2907WN,Complainer
 1181SB,Defendant
 2717XC,Complainer
 3701EC,Defendant
 6826LT,Defendant
 2532AE,Defendant
 3732EZ,Complainer
 3732EZ,Complainer
 1096DV,Complainer
 2584GG,Defendant
 3074EN,Complainer
 3732EZ,Defendant
 1069KW,Complainer
 1019MP,Defendant
 1017CV,Complainer
 3732EZ,Complainer
 3732EZ,Defendant
 3732EZ,Complainer
 3732EZ,Complainer
 3732EZ,Complainer
 2583ED,Complainer
 2583ED,Complainer
 2545GT,Defendant
 2516GX,Complainer
 3443TZ,Defendant
 3732EZ,Complainer
 3531RA,Defendant
 1058CJ,Defendant
 1076KS,Complainer
 1058CJ,Defendant
 2254BH,Complainer
 1058CJ,Complainer
 1079SR,Complainer
 1078HW,Complainer
 2516GX,Complainer
 3904JG,Complainer
 9712LX,Complainer
 9711GM,Complainer
 7875AP,Complainer
 2526RZ,Defendant
 1065VA,Defendant
 3076BT,Defendant
 3027CA,Complainer
 1339CA,Defendant
 7875AP,Complainer
 3551CL,Complainer
 3732EZ,Complainer
 2555SC,Complainer
 2555SC,Complainer
 2555SC,Complainer
 3732EZ,Defendant
 3732EZ,Defendant
 2525EP,Complainer
 1949AG,Complainer
 8917GD,Defendant
 3035GV,Complainer
 2406GT,Complainer
 9711GM,Complainer
 3732EZ,Defendant
 9711GM,Complainer
 1171SR,Defendant
 4714HS,Defendant
 2555SC,Complainer
 8913HA,Complainer
 5014DH,Defendant
 3531KW,Complainer
 8913HA,Complainer
 8913HA,Complainer
 1064GX,Complainer
 1064GX,Complainer
 1064GX,Complainer
 1064GX,Complainer
 1064GX,Complainer
 1064GX,Complainer
 1063NB,Defendant
 3031BH,Defendant
 1068GX,Complainer
 3511AC,Complainer
 1062EV,Complainer
 1062EV,Complainer
 1056JB,Complainer
 8913HA,Complainer
 8913HA,Complainer
 8913HA,Complainer
 1064GX,Complainer
 1062EV,Complainer
 1062EV,Complainer
 1064GX,Defendant
 1062EV,Complainer
 1062EV,Complainer
 1056DA,Complainer
 2645LE,Complainer
 8913HA,Complainer
 1064GX,Defendant
 GEMEEN,Complainer
 8913HA,Complainer
 1064GX,Complainer
 1064GX,Complainer
 1064GX,Complainer
 1062EX,Complainer
 1216JC,Defendant
 9401DH,Complainer
 1091AB,Defendant
 1062EV,Complainer
 1062EV,Complainer
 1062EV,Complainer
 1062EV,Complainer
 2801VJ,Complainer
 1064GX,Complainer
 3332HJ,Defendant
 1062EV,Complainer
 1062EV,Complainer
 1062EV,Complainer
 8913HA,Complainer
 5623KW,Complainer
 1062EV,Complainer
 1017VW,Complainer
 1064GX,Complainer
 1064GX,Complainer
 1064GX,Complainer
 6522DJ,Complainer
 1064GX,Complainer
 1062EV,Complainer
 1064GX,Complainer
 3027CA,Complainer
 2904EG,Complainer
 1064GX,Defendant
 3027CA,Defendant
 3027CA,Complainer
 8913HA,Complainer
 1064GX,Complainer
 1057AX,Defendant
 2561VD,Complainer
 1064GX,Complainer
 1064GX,Complainer
 1064GX,Defendant
 2531RN,Defendant
 1064GX,Complainer
 1064GX,Complainer
 1062EV,Complainer
 1062EV,Complainer
 1064GX,Complainer
 1064GX,Complainer
 1064GX,Complainer
 1064GX,Complainer
 8913HA,Complainer
 1064GX,Complainer
 1064GX,Complainer
 1064GX,Complainer
 1064GX,Complainer
 1064GX,Complainer
 1064GX,Complainer
 1064GX,Complainer
 1064GX,Complainer
 1064GX,Complainer
 1064GX,Defendant
 1064GX,Complainer
 1064GX,Complainer
 1064GX,Complainer
 1216JR,Defendant
 2022RX,Defendant
 1064GX,Complainer
 1062EV,Complainer
 1062EV,Complainer
 6522DJ,Complainer
 1071HS,Defendant
 3062PA,Defendant
 5801GK,Defendant
 1071HS,Defendant
 1064GX,Complainer
 1064GX,Complainer
 1064GX,Complainer
 2037HK,Defendant
 6301AX,Complainer
 1016DS,Defendant
 1064GX,Complainer
 1064GX,Complainer
 8932CS,Defendant
 1064GX,Complainer
 1064GX,Complainer
 8913HA,Complainer
 8913HA,Complainer
 1064GX,Complainer
 1062EV,Complainer
 1062EV,Complainer
 1064GX,Complainer
 9101HN,Defendant
 5911HZ,Defendant
 1064GX,Complainer
 1064GX,Defendant
 1064GX,Complainer
 1062EV,Complainer
 1062EV,Complainer
 1012AG,Defendant
 1062EV,Complainer
 1062EV,Complainer
 1064GX,Complainer
 5014DG,Defendant
 8913HA,Complainer
 1064GX,Complainer
 1064GX,Complainer
 1064GX,Complainer
 2521CS,Complainer
 1963KH,Complainer
 3022HH,Defendant
 1064GX,Complainer
 6045XB,Defendant
 8913HA,Complainer
 1064GX,Complainer
 1064GX,Complainer
 8913HA,Complainer
 1064GX,Complainer
 8913HA,Complainer
 8913HA,Complainer
 8913HA,Complainer
 1064GX,Complainer
 1064GX,Complainer
 1064GX,Complainer
 1064GX,Complainer
 1064GX,Complainer
 2801WZ,Defendant
 6522DJ,Complainer
 9101HN,Defendant
 2513BV,Complainer
 1076NX,Defendant
 6641NM,Complainer
 2541BC,Defendant
 3956EV,Defendant
 1064GX,Complainer
 3014PL,Complainer
 6522DJ,Complainer
 3144CK,Complainer
 1083VA,Defendant
 9752VN,Defendant
 1507BM,Complainer
 8913HA,Complainer
 9726JL,Defendant
 1188BB,Defendant
 1057AX,Defendant
 2612KP,Defendant
 3067MH,Complainer
 1062EV,Complainer
 1062EV,Complainer
 1062EV,Complainer
 1064GX,Complainer
 1064GX,Complainer
 1064GX,Complainer
 8913HA,Complainer
 1064GX,Complainer
 8913HA,Complainer
 4818JH,Complainer
 1064GX,Complainer
 2571HN,Defendant
 9712KA,Complainer
 1222BD,Defendant
 4006AG,Complainer
 1062EV,Complainer
 1062EV,Complainer
 1062EV,Complainer
 7772LB,Complainer
 1064GX,Complainer
 3533JR,Defendant
 7322BA,Defendant
 1062EV,Complainer
 1062EV,Complainer
 8913HA,Complainer
 1062EV,Complainer
 1064GX,Complainer
 1062EV,Complainer
 1064GX,Complainer
 2723BD,Complainer
 1095MB,Defendant
 1095MB,Defendant
 1087GK,Defendant
 9725JS,Complainer
 9951NJ,Defendant
 1078AK,Complainer
 1095MB,Defendant
 1078AK,Complainer
 1075NR,Defendant
 6211NN,Complainer
 3073DE,Defendant
 9745EC,Complainer
 2526HN,Defendant
 1078AK,Complainer
 1825HW,Complainer
 5038TK,Defendant
 5038TK,Complainer
 1095MB,Defendant
 4826NP,Complainer
 1056NS,Defendant
 3073EW,Complainer
 8913HA,Complainer
 1098SZ,Defendant
 5038TK,Complainer
 5038TK,Defendant
 9649BX,Complainer
 1057TB,Complainer
 6824BC,Defendant
 4826NP,Defendant
 6824BC,Defendant
 1095MB,Defendant
 4826NN,Complainer
 6824BC,Defendant
 8913HA,Complainer
 4532MB,Defendant
 1078AK,Complainer
 9715JM,Complainer
 1055MR,Complainer
 2587SH,Complainer
 6824BC,Defendant
 6824BC,Defendant
 1095MB,Defendant
 9715JM,Complainer
 8012WD,Defendant
 1054EM,Defendant
 2562VM,Complainer
 1097KG,Complainer
 3063AZ,Complainer
 1339CA,Complainer
 1066EA,Defendant
 6511LW,Complainer
 3071JJ,Complainer
 7511CL,Defendant
 1066EA,Defendant
 1394BR,Complainer
 2521CJ,Complainer
 1095MS,Defendant
 1056PH,Complainer
 2315EJ,Complainer
 2593TP,Defendant
 7512BD,Complainer
 1073KK,Complainer
 3191BE,Complainer
 3311PL,Defendant
 6835EE,Defendant
 1066SK,Complainer
 3815TB,Defendant
 1064MG,Complainer
 1064MG,Complainer
 3731DV,Defendant
 2572PM,Complainer
 9901AK,Complainer
 9745EC,Complainer
 9745EC,Complainer
 1862BJ,Defendant
 2021VB,Complainer
 9503GD,Complainer
 5212PE,Complainer
 8913HA,Complainer
 2564LA,Defendant
 2523BR,Complainer
 4201GW,Complainer
 1058BW,Complainer
 1079LX,Complainer
 3523HJ,Complainer
 5038TK,Defendant
 5038TK,Complainer
 1791EN,Defendant
 6361TM,Defendant
 3353AT,Defendant
 9715EM,Complainer
 6301EV,Defendant
 1075TH,Complainer
 9967PD,Defendant
 1056PH,Complainer
 1181VH,Defendant
 1181VH,Defendant
 1082BL,Defendant
 1404CS,Defendant
 9745EC,Complainer
 9745EC,Complainer
 5038TK,Complainer
 8012WD,Complainer
 8012WD,Defendant
 2592TZ,Complainer
 5212PE,Complainer
 3075CJ,Defendant
 3353AT,Defendant
 6301EV,Defendant
 2803DV,Defendant
 9745EC,Complainer
 3214AC,Complainer
 1056PH,Complainer
 8028PL,Complainer
 3035PH,Complainer
 9717BL,Defendant
 2593TP,Complainer
 3136TA,Defendant
 1053RV,Defendant
 2724TW,Defendant
 1031TM,Complainer
 2563CD,Complainer
 1096DV,Complainer
 2435XG,Complainer
 8031CK,Complainer
 6598MB,Complainer
 6598MB,Complainer
 3061ZZ,Complainer
 9711SW,Defendant
 2546XR,Complainer
 9718TE,Complainer
 3811MG,Complainer
 2546XR,Complainer
 4532MB,Defendant
 2547EM,Complainer
 1181JP,Complainer
 2546XR,Complainer
 2546XS,Complainer
 2546XS,Complainer
 2546XR,Complainer
 2546XS,Complainer
 1062AV,Defendant
 2541SP,Defendant
 6446RJ,Defendant
 3811MG,Complainer
 2546XS,Complainer
 2546XR,Complainer
 3086ER,Defendant
 3205EB,Complainer
 3811MG,Complainer
 1103BH,Complainer
 2532CE,Complainer
 3811MG,Complainer
 5915HD,Defendant
 3811MG,Complainer
 3811MG,Complainer
 2541SN,Defendant
 2541SP,Defendant
 9724CX,Defendant
 2541SN,Defendant
 2546XR,Complainer
 1015KN,Complainer
 3112SM,Complainer
 3081RW,Complainer
 7511AJ,Complainer
 1102CS,Complainer
 2612KC,Complainer
 1094GM,Complainer
 4532MB,Defendant
 2546XS,Complainer
 2565KL,Defendant
 2515BK,Complainer
 9725AD,Complainer
 3028BH,Defendant
 3073GE,Complainer
 7815GX,Complainer
 1505AV,Complainer
 1073KA,Defendant
 3811MG,Complainer
 3816LM,Defendant
 2565KL,Complainer
 3811MG,Complainer
 8551NH,Complainer
 7933TM,Defendant
 4336LL,Complainer
 8602XW,Defendant
 7721BA,Complainer
 2546XS,Complainer
 3811MG,Complainer
 5652EA,Complainer
 5652EA,Complainer
 3811MG,Complainer
 3811MG,Complainer
 3811MG,Complainer
 3073DX,Defendant
 1401CM,Defendant
 1401CM,Defendant
 3811MG,Complainer
 2512CM,Complainer
 2518VT,Complainer
 3111KE,Complainer
 9712PJ,Complainer
 1328JC,Defendant
 9714BK,Defendant
 3083TG,Complainer
 9714JG,Complainer
 8932JA,Complainer
 3811MG,Complainer
 8102GG,Complainer
 3811MG,Complainer
 4388RA,Defendant
 9714JG,Defendant
 3082PH,Complainer
 3811MG,Complainer
 8102GG,Complainer
 9721BH,Complainer
 3811MG,Complainer
 9715CL,Defendant
 1072LD,Defendant
 6415JH,Defendant
 4651ZE,Defendant
 3342TG,Defendant
 1053GK,Defendant
 9717KP,Defendant
 1082HS,Complainer
 9715CL,Complainer
 8102GG,Complainer
 8911DZ,Defendant
 9721BH,Complainer
 2182RL,Complainer
 9684ER,Complainer
 3083CG,Defendant
 1017BM,Complainer
 1066XT,Complainer
 5671LA,Defendant
 9712HE,Complainer
 1103ED,Defendant
 3811MG,Complainer
 3024EB,Complainer
 1106dt,Complainer
 2541SN,Defendant
 8602XW,Complainer
 8602XW,Complainer
 7513EW,Complainer
 2563EE,Complainer
 3024EB,Complainer
 3811MG,Complainer
 1082HS,Complainer
 1017BM,Complainer
 4463SB,Defendant
 1066XT,Complainer
 1013BX,Complainer
 2546XS,Complainer
 2546XS,Complainer
 1025BD,Defendant
 9601KT,Complainer
 6431VM,Defendant
 1055SV,Complainer
 1015KW,Complainer
 9717JH,Complainer
 1222SG,Complainer
 1087LG,Complainer
 1098SZ,Defendant
 1098SZ,Defendant
 1098SZ,Defendant
 1098TA,Defendant
 1098TA,Defendant
 1098SX,Defendant
 1098SX,Defendant
 1098SX,Defendant
 1098SX,Defendant
 1098SZ,Defendant
 3081PB,Defendant
 2516BA,Complainer
 2516BA,Complainer
 1013WG,Complainer
 8911CA,Complainer
 3033CH,Complainer
 2516JX,Defendant
 3842EJ,Defendant
 3811MG,Complainer
 3811MG,Complainer
 3811MG,Complainer
 3811MG,Complainer
 2676XC,Defendant
 3731JS,Defendant
 3544PD,Complainer
 3544PD,Complainer
 1333GD,Complainer
 1052HJ,Complainer
 1087Lg,Complainer
 3024EB,Complainer
 2546XR,Complainer
 2546XR,Defendant
 3024EB,Complainer
 7587AB,Defendant
 1062XE,Complainer
 3024EB,Complainer
 3811MG,Complainer
 3112BG,Complainer
 3112BG,Defendant
 2313TN,Complainer
 9713JV,Defendant
 2533AT,Defendant
 7587AB,Complainer
 2546XS,Defendant
 2546XR,Defendant
 4811TP,Complainer
 3811HM,Complainer
 3811HM,Complainer
 1062EV,Complainer
 3112BG,Complainer
 2171TM,Defendant
 2546XS,Complainer
 1404DH,Complainer
 7577RC,Complainer
 7577RC,Complainer
 2546XR,Complainer
 3811HM,Defendant
 9718BX,Complainer
 3791AA,Complainer
 9711SE,Defendant
 9711SE,Defendant
 2546XR,Complainer
 2313TN,Complainer
 9712JB,Complainer
 2516BA,Complainer
 3024EB,Defendant
 1181JP,Complainer
 1069HM,Complainer
 5171MH,Defendant
 2546CM,Complainer
 1062EV,Complainer
 9203BZ,Defendant
 3811HM,Defendant
 2546XS,Complainer
 1826KK,Complainer
 9724EP,Defendant
 1053RL,Complainer
 3791AA,Complainer
 3811HM,Defendant
 1403JT,Complainer
 9761TG,Complainer
 1062EV,Defendant
 1062EV,Complainer
 1062EV,Complainer
 1062XE,Complainer
 2516BA,Complainer
 3526KT,Complainer
 2317RS,Defendant
 5701EA,Defendant
 1062XE,Complainer
 1062XE,Complainer
 1433JZ,Defendant
 3083CD,Defendant
 1062EV,Complainer
 2584XM,Complainer
 2546XS,Defendant
 2522MV,Defendant
 3076BZ,Defendant
 2021BA,Complainer
 1016KZ,Complainer
 1098TA,Defendant
 1098SZ,Defendant
 1051CV,Complainer
 1098SZ,Defendant
 1098TA,Defendant
 3027HN,Complainer
 4101EM,Complainer
 2522MV,Complainer
 1098SZ,Defendant
 2585AG,Defendant
 1945DE,Complainer
 9721LC,Defendant
 9981LM,Complainer
 1098TA,Defendant
 1098TA,Defendant
 1098SZ,Defendant
 3024EB,Defendant
 2493VD,Complainer
 1078LM,Defendant
 3024CJ,Defendant
 8911GW,Complainer
 3811HM,Defendant
 3083CD,Complainer
 1062EV,Complainer
 3025RD,Defendant
 3038JM,Complainer
 5801VM,Complainer
 1024LZ,Complainer
 3024EB,Complainer
 3024EB,Defendant
 9724CX,Complainer
 9724CX,Complainer
 3531AP,Complainer
 3531AP,Complainer
 4001BD,Defendant
 2513DR,Defendant
 1211CM,Complainer
 3069WB,Defendant
 9724CX,Complainer
 9724CX,Complainer
 2571BT,Complainer
 9724CX,Complainer
 9724CX,Complainer
 9724CX,Complainer
 9724CX,Complainer
 6533WL,Complainer
 1031AZ,Complainer
 1083XN,Defendant
 2181VC,Defendant
 3313BD,Defendant
 6001CZ,Defendant
 3117PC,Complainer
 9718BJ,Complainer
 3074ST,Defendant
 3555HL,Complainer
 1056AX,Defendant
 3068EP,Defendant
 2546BN,Defendant
 3022XE,Defendant
 1106BJ,Defendant
 2525VE,Complainer
 6691AX,Defendant
 7885AC,Defendant
 9724CX,Complainer
 9724CX,Complainer
 9724CX,Defendant
 9727BN,Complainer
 9724CX,Complainer
 9724CX,Complainer
 2517AT,Defendant
 9724CX,Complainer
 1074VM,Complainer
 3083PR,Complainer
 1074VM,Complainer
 3119GR,Defendant
 1098XE,Defendant
 3036VA,Complainer
 7002AG,Complainer
 3112VL,Complainer
 9718HG,Complainer
 1055TK,Defendant
 1181PE,Defendant
 1018ST,Defendant
 3082XK,Defendant
 1012TS,Complainer
 1052CN,Defendant
 9728KX,Complainer
 9728KX,Complainer
 9714CC,Complainer
 1323LK,Defendant
 2343MK,Defendant
 9728KX,Complainer
 1057TD,Complainer
 3116JD,Defendant
 1018ET,Defendant
 1103RN,Complainer
 1069HM,Defendant
 3116JD,Complainer
 1961GB,Complainer
 2546CW,Complainer
 9718BW,Complainer
 3531AP,Complainer
 3531AP,Complainer
 3527AL,Complainer
 3081RX,Complainer
 2525ZW,Defendant
 9718BW,Complainer
 9718BW,Complainer
 6211HV,Complainer
 9718HG,Complainer
 1619KH,Complainer
 9718BW,Complainer
 2011NZ,Complainer
 5654DD,Complainer
 5654DD,Complainer
 2314TV,Complainer
 2512GX,Defendant
 3527AL,Complainer
 3527AL,Complainer
 3551CB,Complainer
 3082GD,Defendant
 1096GG,Complainer
 9718BW,Complainer
;;;;111,Complainer
 9411VA,Complainer
 9718HG,Complainer
 7383ET,Complainer
 5654DD,Complainer
 9711KL,Complainer
 9715BK,Complainer
 2914CH,Complainer
 9991BV,Defendant
 5654DD,Complainer
 9991BV,Defendant
 3514EW,Defendant
 1339EW,Defendant
 9718BJ,Complainer
 1012RE,Defendant
 1098LK,Defendant
 1034TD,Complainer
 3155SR,Defendant
 9724CX,Complainer
 2548EN,Complainer
 9718BW,Complainer
 9718HG,Complainer
 4332TM,Defendant
 3155SR,Defendant
 9724CX,Complainer
 9724CX,Complainer
 9724CX,Complainer
 9724CX,Complainer
 9724CX,Complainer
 3073AN,Complainer
 3011PJ,Complainer
 9641MG,Defendant
 9724CX,Complainer
 9725HL,Complainer
 9725HL,Complainer
 9671GD,Defendant
 3527AL,Complainer
 2013TG,Complainer
 5915HD,Defendant
 9718TE,Defendant
 9718TE,Defendant
 9718TE,Defendant
 9718TE,Defendant
 9718TE,Defendant
 3201VS,Defendant
 9716AP,Complainer
 6521GM,Defendant
 3038TB,Complainer
 3114XC,Complainer
 2581AG,Defendant
 6245MA,Defendant
 5643GR,Complainer
 1541JX,Defendant
 8911bp,Complainer
 4624CG,Defendant
 9713BE,Complainer
 9713BE,Complainer
 9718HG,Complainer
 9713BE,Complainer
 1018BT,Defendant
 3585LE,Complainer
 3514CV,Complainer
 9718HG,Complainer
 2611KR,Complainer
 9717JE,Complainer
 3514CV,Complainer
 2013TG,Complainer
 3551SP,Complainer
 3585LE,Complainer
 1402TK,Complainer
 3037AG,Complainer
 6901LE,Defendant
 6901LE,Defendant
 9718TE,Defendant
 5211AM,Complainer
 3526KT,Complainer
 5654DD,Complainer
 5211AM,Complainer
 1102CZ,Complainer
 3037AG,Complainer
 3585LE,Complainer
 1072CX,Complainer
 3585LE,Complainer
 1062JS,Defendant
 5654DD,Complainer
 5654DD,Complainer
 2036BN,Defendant
 3037PD,Complainer
 9718NC,Complainer
 6951GM,Defendant
 3122JL,Complainer
 8911BP,Complainer
 3811HM,Complainer
 1334CS,Defendant
 3083TH,Complainer
 3077SK,Complainer
 9751EE,Defendant
 1171EK,Complainer
 3077SK,Complainer
 2562TB,Complainer
 3585LE,Complainer
 2564KB,Defendant
 9751EE,Defendant
 3585LE,Complainer
 1060MG,Complainer
 9712GM,Defendant
 9713BE,Complainer
 8021AS,Complainer
 3585LE,Complainer
 7443GC,Defendant
 2821ZS,Defendant
 5261BB,Complainer
 6224EG,Complainer
 8911BP,Complainer
 9684ER,Complainer
 3037PD,Complainer
 3202XE,Complainer
 1067KZ,Complainer
 3585LE,Complainer
 2597JR,Defendant
 9715AE,Defendant
 6891CM,Defendant
 2512GX,Defendant
 3816RN,Defendant
 3074PW,Complainer
 6211LP,Defendant
 1060MG,Complainer
 1072AN,Complainer
 3025HG,Complainer
 1057PV,Complainer
 4826NP,Complainer
 9712GM,Defendant
 9712GM,Defendant
 1072AN,Complainer
 6524PJ,Complainer
 6524PJ,Complainer
 3021ZS,Complainer
 2541GJ,Defendant
 6828EB,Complainer
 4283RA,Complainer
 9724CX,Defendant
 4283RA,Complainer
 3513EP,Defendant
 4283RA,Complainer
 2564KS,Complainer
 2523XB,Defendant
 1083XN,Defendant
 1057JV,Complainer
 6828AJ,Complainer
 1054AN,Defendant
 1186KH,Defendant
 3061KB,Defendant
 3071AW,Defendant
 1056TE,Defendant
 3071HS,Complainer
 2291WE,Complainer
 1056TE,Complainer
 4283RA,Complainer
 4283RA,Complainer
 4283RA,Complainer
 3071AW,Defendant
 1033gp,Complainer
 4283RA,Complainer
 9714ES,Defendant
 6828AJ,Complainer
 3531CZ,Complainer
 1015ZK,Complainer
 9742BE,Complainer
 1064CK,Defendant
 6041JH,Defendant
 1059ST,Complainer
 1075GK,Complainer
 5213TM,Complainer
 1021HM,Complainer
 1073VP,Complainer
 4834XH,Defendant
 5037HS,Complainer
 4754AH,Defendant
 9724CX,Complainer
 9724CX,Complainer
 1211LV,Complainer
 1211LV,Complainer
 9724CX,Complainer
 9724CX,Complainer
 2517HW,Complainer
 4283RA,Complainer
 9724CX,Complainer
 4283RA,Complainer
 1102WG,Defendant
 9724CX,Complainer
 9724CX,Complainer
 1057JV,Complainer
 3531CZ,Complainer
 1064BA,Defendant
 2135AD,Defendant
 1073XJ,Defendant
 9724CX,Complainer
 1065LR,Defendant
 5616NV,Complainer
 1214GM,Complainer
 2907AP,Defendant
 2042GP,Complainer
 3028EL,Defendant
 4002AN,Complainer
 3905BV,Defendant
 6133BN,Defendant
 1106HK,Defendant
 4834XH,Defendant
 4834XH,Defendant
 3532HH,Defendant
 3083DT,Complainer
 6049HH,Defendant
 6229HD,Defendant
 3071AW,Defendant
 6041JH,Complainer
 9724CX,Complainer
 1078HK,Complainer
 6229HD,Complainer
 4001KX,Complainer
 6229HB,Complainer
 9724CX,Complainer
 9797TD,Defendant
 9714CE,Complainer
 3513EP,Defendant
 1211JK,Complainer
 1062EV,Complainer
 9736TT,Complainer
 6211KR,Complainer
 6229HD,Complainer
 9711RB,Defendant
 2907DA,Defendant
 5616NV,Complainer
 5616NV,Complainer
 1211LV,Complainer
 6229HB,Complainer
 9712BD,Complainer
 9724CX,Complainer
 6229HD,Defendant
 9711VX,Defendant
 8019AR,Complainer
 3262HT,Complainer
 1974XC,Complainer
 3011XZ,Defendant
 6229HD,Defendant
 3531CZ,Complainer
 6229HD,Defendant
 6811HG,Defendant
 6229HD,Defendant
 5616NV,Complainer
 9724CX,Defendant
 4614CZ,Defendant
 4614CZ,Defendant
 3021VJ,Complainer
 2614AM,Complainer
 2591GB,Defendant
 6229HD,Defendant
 6811HG,Defendant
 6811HG,Defendant
 2171TT,Complainer
 9724CX,Defendant
 9712EZ,Defendant
 9712PJ,Defendant
 2161AK,Complainer
 3083WN,Defendant
 9724CX,Complainer
 2404EZ,Complainer
 6521DG,Complainer
 2161AK,Complainer
 6521DG,Complainer
 6521DG,Complainer
 9718BW,Complainer
 3513BN,Complainer
 2614AM,Complainer
 2614AM,Defendant
 2614AM,Complainer
 2614AM,Defendant
 8019AR,Complainer
 1102JE,Complainer
 9601JL,Complainer
 7204JL,Defendant
 6521DG,Complainer
 1058BE,Complainer
 2133KP,Complainer
 1017NM,Defendant
 1017NM,Defendant
 1059TZ,Defendant
 3032TM,Defendant
 3531CZ,Complainer
 1060RZ,Complainer
 9724CX,Complainer
 6512EK,Complainer
 9742BE,Complainer
 1018PT,Complainer
 9724CX,Complainer
 9718BJ,Defendant
 9715PG,Defendant
 9724CX,Complainer
 5612BT,Complainer
 6129KH,Complainer
 6129KH,Complainer
 6811HN,Defendant
 6811HN,Defendant
 3905BV,Defendant
 6213JG,Defendant
 3513BN,Complainer
 2517EL,Complainer
 3022LK,Defendant
 4834XH,Defendant
 6602AK,Complainer
 1078KG,Complainer
 1023VR,Defendant
 3344DC,Complainer
 1188ED,Defendant
 2263AV,Defendant
 6811HN,Defendant
 2513RL,Defendant
 8266HC,Defendant
 2312PT,Complainer
 6811HN,Defendant
 6811HN,Defendant
 6222WE,Complainer
 4822WD,Defendant
 3314VK,Complainer
 5041AJ,Defendant
 2033NX,Complainer
 9724CX,Complainer
 5041KC,Complainer
 3117KW,Complainer
 4101BM,Complainer
 3117KW,Defendant
 3083NG,Complainer
 3564xm,Complainer
 1183SK,Defendant
 2563VP,Complainer
 1161DV,Complainer
 2312PT,Complainer
 1702LA,Defendant
 2561VD,Defendant
 2411BN,Defendant
 2411BN,Complainer
 2513DR,Defendant
 2513DR,Defendant
 1186KG,Defendant
 9742BE,Complainer
 2573KA,Complainer
 3521CG,Complainer
 9712BD,Complainer
 5025KC,Complainer
 3313BJ,Defendant
 9724CX,Complainer
 9711TA,Complainer
 9711TA,Complainer
 2573KA,Defendant
 3014KD,Defendant
 6811HN,Defendant
 1183SK,Defendant
 5216CS,Complainer
 1093KP,Complainer
 6176JB,Defendant
 3083NG,Defendant
 8011MK,Defendant
 5041AJ,Defendant
 3067DA,Complainer
 8913HE,Complainer
 1187CM,Defendant
 4811TT,Defendant
 2517EL,Defendant
 5041AJ,Defendant
 5915HD,Complainer
 6521DG,Complainer
 6461CK,Defendant
 6461CK,Defendant
 8031VD,Defendant
 1058TA,Complainer
 3022TL,Complainer
 1021VH,Complainer
 3011ZP,Complainer
 1012MK,Complainer
